,Feature,Linear Regression,Random Forest,Logistic Regression,XGBoost,KNN
0,Age at Injury,✅,✅,✅,✅,✅
1,IME-4 Count,✅,✅,✅,✅,✅
2,Average Weekly Wage,✅,✅,✅,✅,✅
3,Time to First Hearing,✅,✅,✅,✅,✅
4,Gender,✅ (binary),✅ (binary),✅ (binary),✅,✅
5,Medical Fee Region,✅ (one-hot),✅ (one-hot),✅ (one-hot),✅ (one-hot),✅ (one-hot)
6,Industry Code,✅ (encoded),✅ (encoded),✅ (encoded),✅ (encoded),✅ (encoded)
7,Zip Code,✅ (cleaned),✅ (cleaned),✅ (cleaned),✅ (cleaned),✅ (cleaned)
8,WCIO Cause of Injury Code,✅ (encoded),✅ (encoded),✅ (encoded),✅ (encoded),✅ (encoded)
9,WCIO Nature of Injury Code,✅ (encoded),✅ (encoded),✅ (encoded),✅ (encoded),✅ (encoded)
10,Alternative Dispute Resolution,✅ (imputed),✅ (imputed),✅ (imputed),✅ (imputed),✅ (imputed)
11,Attorney/Representative,✅,✅,✅,✅,✅
12,First Hearing Date,✅,✅,✅,✅,✅
